Order_ID,Product_ID,Quantity,Sales_Amount,Cost_Amount,Profit,Profit_Margin_%
O0311,P002,393,28567,23645,4922,0.17
O0308,P005,99,40292,31544,8748,0.22
O0144,P011,149,79813,69342,10471,0.13
O0269,P006,329,102136,86346,15790,0.15
O0370,P018,156,56631,38273,18358,0.32
O0124,P010,190,14885,10143,4742,0.32
O0106,P004,494,195731,124799,70932,0.36
O0158,P009,371,190378,133472,56906,0.3
O0147,P006,263,71314,64172,7142,0.1
O0145,P002,80,70087,50583,19504,0.28
O0120,P017,400,165237,110072,55165,0.33
O0319,P005,252,195001,161606,33395,0.17
O0275,P006,97,100998,77035,23963,0.24
O0092,P012,260,54812,35347,19465,0.36
O0058,P010,260,186572,133251,53321,0.29
O0346,P006,103,63643,46099,17544,0.28
O0229,P008,40,49900,41224,8676,0.17
O0117,P002,273,179018,108520,70498,0.39
O0318,P012,101,143923,97969,45954,0.32
O0279,P013,359,21288,16078,5210,0.24
O0127,P007,380,77692,52881,24811,0.32
O0393,P010,308,143440,113106,30334,0.21
O0396,P013,221,90436,67335,23101,0.26
O0129,P017,308,51403,36419,14984,0.29
O0058,P014,420,96170,85087,11083,0.12
O0122,P002,124,14168,11187,2981,0.21
O0001,P011,422,54879,35066,19813,0.36
O0239,P001,231,64871,49822,15049,0.23
O0290,P019,178,37174,31011,6163,0.17
O0096,P004,63,142653,115912,26741,0.19
O0126,P019,485,115155,75038,40117,0.35
O0118,P011,116,76853,68531,8322,0.11
O0048,P008,191,69046,50724,18322,0.27
O0089,P011,62,54678,35415,19263,0.35
O0237,P004,256,31649,20700,10949,0.35
O0373,P017,483,132795,83590,49205,0.37
O0385,P007,7,93668,78779,14889,0.16
O0272,P008,155,150639,95898,54741,0.36
O0189,P003,92,94906,60506,34400,0.36
O0192,P002,470,101019,86385,14634,0.14
O0069,P015,14,198016,139280,58736,0.3
O0278,P005,455,83002,50569,32433,0.39
O0349,P001,229,33803,20808,12995,0.38
O0247,P004,86,154302,99162,55140,0.36
O0076,P015,133,153934,102214,51720,0.34
O0154,P020,183,179427,143459,35968,0.2
O0144,P019,386,167331,108296,59035,0.35
O0086,P003,62,35795,22753,13042,0.36
O0185,P020,219,13770,11421,2349,0.17
O0285,P011,405,16093,12895,3198,0.2
O0220,P017,246,182643,133438,49205,0.27
O0069,P013,230,136265,104214,32051,0.24
O0047,P011,79,105311,73043,32268,0.31
O0094,P002,149,22569,16808,5761,0.26
O0238,P009,138,16190,12174,4016,0.25
O0204,P002,471,67824,48573,19251,0.28
O0400,P009,314,178824,155929,22895,0.13
O0218,P009,376,168399,101850,66549,0.4
O0341,P008,423,47070,39287,7783,0.17
O0039,P017,389,45197,28804,16393,0.36
O0100,P001,65,7261,6093,1168,0.16
O0289,P011,13,162584,127591,34993,0.22
O0254,P008,213,142788,121795,20993,0.15
O0222,P010,474,91795,57762,34033,0.37
O0357,P007,242,33933,26050,7883,0.23
O0023,P003,493,140450,105383,35067,0.25
O0250,P003,213,45583,37006,8577,0.19
O0010,P018,181,117082,89015,28067,0.24
O0246,P005,338,90371,68882,21489,0.24
O0325,P012,485,165105,120341,44764,0.27
O0100,P012,173,160072,110873,49199,0.31
O0290,P019,160,116032,86406,29626,0.26
O0180,P006,164,47604,30254,17350,0.36
O0223,P002,465,100074,88911,11163,0.11
O0394,P012,483,78869,64224,14645,0.19
O0250,P019,497,10410,9220,1190,0.11
O0147,P005,188,88375,59036,29339,0.33
O0096,P012,395,192116,165950,26166,0.14
O0257,P017,191,199387,168010,31377,0.16
O0325,P017,405,101055,81161,19894,0.2
O0004,P010,308,142868,112509,30359,0.21
O0016,P017,256,91716,63739,27977,0.31
O0280,P015,183,59245,50057,9188,0.16
O0336,P012,117,48056,36063,11993,0.25
O0247,P016,282,153781,95539,58242,0.38
O0258,P019,196,63557,44099,19458,0.31
O0384,P008,34,22543,19851,2692,0.12
O0160,P017,52,173490,148369,25121,0.14
O0340,P005,112,101038,90385,10653,0.11
O0152,P016,252,152796,120464,32332,0.21
O0396,P006,82,8828,5952,2876,0.33
O0178,P008,232,121656,78935,42721,0.35
O0163,P018,227,22087,14490,7597,0.34
O0380,P012,233,148677,90089,58588,0.39
O0033,P015,221,36337,26061,10276,0.28
O0179,P009,436,141554,93061,48493,0.34
O0101,P013,413,70333,50885,19448,0.28
O0268,P015,422,187024,164674,22350,0.12
O0323,P010,42,141535,103201,38334,0.27
O0065,P016,21,75448,65141,10307,0.14
O0168,P007,42,9648,7541,2107,0.22
O0330,P017,397,135576,91397,44179,0.33
O0043,P007,113,38623,27297,11326,0.29
O0044,P014,105,195228,122051,73177,0.37
O0285,P015,192,40634,28445,12189,0.3
O0397,P007,17,180674,145128,35546,0.2
O0012,P009,120,119598,74346,45252,0.38
O0095,P019,393,54334,35948,18386,0.34
O0302,P016,425,73648,52616,21032,0.29
O0386,P008,129,27054,24202,2852,0.11
O0253,P018,130,75028,62682,12346,0.16
O0242,P018,60,27207,22310,4897,0.18
O0035,P020,48,86554,54949,31605,0.37
O0215,P007,29,157458,131367,26091,0.17
O0337,P003,97,88276,73761,14515,0.16
O0090,P018,10,195590,152624,42966,0.22
O0264,P010,242,57781,51835,5946,0.1
O0093,P007,314,188852,131738,57114,0.3
O0090,P017,444,197512,174280,23232,0.12
O0115,P014,232,180271,157632,22639,0.13
O0105,P003,277,66035,39848,26187,0.4
O0391,P012,284,13210,9709,3501,0.27
O0196,P013,203,49363,44087,5276,0.11
O0314,P002,247,83279,52543,30736,0.37
O0114,P003,290,196420,150130,46290,0.24
O0075,P005,264,191356,171012,20344,0.11
O0376,P011,443,158504,121516,36988,0.23
O0217,P008,214,191470,125785,65685,0.34
O0277,P012,200,139393,107981,31412,0.23
O0249,P007,433,86348,57104,29244,0.34
O0164,P015,79,173455,131116,42339,0.24
O0394,P017,401,118816,73928,44888,0.38
O0357,P004,444,128053,100091,27962,0.22
O0192,P013,343,188965,142675,46290,0.24
O0227,P018,344,171892,141303,30589,0.18
O0177,P001,173,71262,56240,15022,0.21
O0099,P016,467,139832,106954,32878,0.24
O0036,P013,69,158262,127706,30556,0.19
O0096,P010,416,72411,46573,25838,0.36
O0152,P012,428,28377,22094,6283,0.22
O0151,P002,449,182809,119124,63685,0.35
O0190,P003,87,43211,37924,5287,0.12
O0224,P010,101,8744,5425,3319,0.38
O0037,P002,8,29995,21869,8126,0.27
O0268,P013,333,153049,123776,29273,0.19
O0369,P013,200,39542,29158,10384,0.26
O0183,P018,87,15651,9823,5828,0.37
O0013,P003,43,104239,79848,24391,0.23
O0279,P007,385,83931,66514,17417,0.21
O0217,P014,109,107112,86882,20230,0.19
O0355,P020,435,21715,15460,6255,0.29
O0361,P017,408,180481,138807,41674,0.23
O0286,P012,483,160378,117910,42468,0.26
O0273,P016,152,155158,124377,30781,0.2
O0369,P012,17,150448,116607,33841,0.22
O0062,P015,133,66350,50275,16075,0.24
O0084,P010,148,76425,51575,24850,0.33
O0368,P007,277,172708,103729,68979,0.4
O0217,P020,232,91120,59430,31690,0.35
O0342,P005,314,119889,76143,43746,0.36
O0397,P001,415,187721,137923,49798,0.27
O0187,P017,366,170682,133759,36923,0.22
O0019,P003,228,146130,97019,49111,0.34
O0177,P013,139,79637,70217,9420,0.12
O0100,P014,436,75194,45267,29927,0.4
O0396,P018,399,81917,68129,13788,0.17
O0233,P004,211,69200,54499,14701,0.21
O0076,P018,391,110848,78931,31917,0.29
O0265,P005,499,111022,68294,42728,0.38
O0284,P016,28,182691,144005,38686,0.21
O0206,P001,51,153226,109661,43565,0.28
O0223,P014,491,155611,137074,18537,0.12
O0384,P015,442,65058,49613,15445,0.24
O0052,P009,261,67068,59146,7922,0.12
O0339,P015,261,104932,69899,35033,0.33
O0367,P017,350,166445,136105,30340,0.18
O0144,P004,352,169226,132871,36355,0.21
O0373,P012,8,142103,116783,25320,0.18
O0069,P005,320,27785,18460,9325,0.34
O0099,P005,138,164741,131710,33031,0.2
O0396,P011,38,99475,74547,24928,0.25
O0025,P006,111,7282,5991,1291,0.18
O0379,P007,480,170696,119165,51531,0.3
O0053,P014,368,184510,159973,24537,0.13
O0151,P011,220,72534,45354,27180,0.37
O0144,P013,337,167777,141294,26483,0.16
O0057,P002,223,174316,149632,24684,0.14
O0039,P007,136,79964,67583,12381,0.15
O0109,P020,256,173509,130794,42715,0.25
O0181,P004,360,124006,90712,33294,0.27
O0042,P008,409,55583,49962,5621,0.1
O0186,P020,329,43392,29018,14374,0.33
O0398,P019,450,12461,9520,2941,0.24
O0223,P013,463,105123,84224,20899,0.2
O0122,P014,434,15516,12571,2945,0.19
O0133,P010,451,153586,101552,52034,0.34
O0163,P011,49,126251,100520,25731,0.2
O0215,P002,292,172340,145715,26625,0.15
O0221,P009,382,172860,106309,66551,0.38
O0235,P017,324,197121,172176,24945,0.13
O0331,P003,78,67493,41093,26400,0.39
O0146,P006,105,41027,28997,12030,0.29
O0239,P005,169,98547,59595,38952,0.4
O0076,P005,217,178921,111493,67428,0.38
O0009,P015,378,105127,91812,13315,0.13
O0074,P017,119,153930,108745,45185,0.29
O0253,P009,190,84003,61106,22897,0.27
O0230,P003,255,188467,125255,63212,0.34
O0007,P020,370,44758,34872,9886,0.22
O0174,P017,266,59312,46170,13142,0.22
O0141,P010,149,73670,52428,21242,0.29
O0168,P003,164,87279,61087,26192,0.3
O0170,P018,140,20434,17685,2749,0.13
O0393,P018,347,183847,131447,52400,0.29
O0283,P017,488,80769,60419,20350,0.25
O0122,P003,258,71677,49098,22579,0.32
O0194,P003,374,88555,74034,14521,0.16
O0005,P006,269,133379,95930,37449,0.28
O0029,P013,181,181806,137096,44710,0.25
O0165,P015,160,106665,72106,34559,0.32
O0339,P009,351,176675,158353,18322,0.1
O0136,P004,400,73803,50735,23068,0.31
O0365,P014,288,175404,145799,29605,0.17
O0321,P005,288,96703,70423,26280,0.27
O0342,P002,380,26312,17414,8898,0.34
O0145,P011,226,180251,151395,28856,0.16
O0327,P009,11,122961,86082,36879,0.3
O0217,P003,10,45379,39005,6374,0.14
O0301,P009,271,22297,19500,2797,0.13
O0132,P003,273,7011,6015,996,0.14
O0292,P002,424,125234,76455,48779,0.39
O0070,P012,402,49014,40986,8028,0.16
O0252,P010,183,147810,106926,40884,0.28
O0275,P009,457,99333,85636,13697,0.14
O0364,P015,153,183570,145274,38296,0.21
O0182,P008,488,16120,13703,2417,0.15
O0167,P005,315,144839,108604,36235,0.25
O0091,P011,334,27852,21181,6671,0.24
O0202,P002,124,84239,54192,30047,0.36
O0346,P015,473,137001,114422,22579,0.16
O0019,P006,114,96575,70095,26480,0.27
O0039,P008,278,100040,75032,25008,0.25
O0126,P005,414,153510,128262,25248,0.16
O0173,P016,468,184587,143913,40674,0.22
O0141,P018,213,10744,7094,3650,0.34
O0242,P006,172,178489,138698,39791,0.22
O0220,P005,288,143141,103389,39752,0.28
O0126,P016,435,47359,35086,12273,0.26
O0058,P013,174,155871,94846,61025,0.39
O0148,P005,113,103746,68784,34962,0.34
O0317,P013,376,125906,86158,39748,0.32
O0383,P017,405,12597,10252,2345,0.19
O0361,P018,483,52093,31435,20658,0.4
O0001,P008,122,173298,125230,48068,0.28
O0387,P013,32,119650,104957,14693,0.12
O0348,P019,222,162489,102947,59542,0.37
O0190,P003,119,154765,116836,37929,0.25
O0191,P008,39,125956,105293,20663,0.16
O0369,P002,497,120598,106459,14139,0.12
O0312,P008,268,189233,155934,33299,0.18
O0117,P013,233,138241,112828,25413,0.18
O0134,P013,431,158124,134080,24044,0.15
O0058,P001,18,13036,9566,3470,0.27
O0044,P006,149,36778,30958,5820,0.16
O0173,P019,397,163806,98674,65132,0.4
O0160,P016,149,159245,139716,19529,0.12
O0173,P008,126,166475,122024,44451,0.27
O0317,P001,392,142416,109092,33324,0.23
O0303,P016,302,23800,16099,7701,0.32
O0149,P009,360,30372,24988,5384,0.18
O0080,P013,238,66516,41438,25078,0.38
O0374,P011,135,25538,22008,3530,0.14
O0213,P013,151,68918,58472,10446,0.15
O0203,P010,236,151045,100417,50628,0.34
O0252,P004,224,76155,64183,11972,0.16
O0229,P006,203,64500,53916,10584,0.16
O0164,P007,256,172647,136333,36314,0.21
O0227,P005,86,178333,126983,51350,0.29
O0147,P011,150,115659,78815,36844,0.32
O0020,P013,235,32716,21904,10812,0.33
O0047,P019,345,139308,96900,42408,0.3
O0233,P010,22,151920,132332,19588,0.13
O0305,P010,348,7352,4582,2770,0.38
O0014,P011,285,138004,117118,20886,0.15
O0143,P007,269,81449,57394,24055,0.3
O0001,P018,466,13556,10254,3302,0.24
O0373,P004,258,91836,76990,14846,0.16
O0054,P002,29,141570,122502,19068,0.13
O0374,P014,213,55098,38757,16341,0.3
O0259,P013,463,117169,86535,30634,0.26
O0144,P012,436,145641,105495,40146,0.28
O0012,P007,283,131060,79157,51903,0.4
O0330,P002,50,192954,132903,60051,0.31
O0224,P013,95,135544,99998,35546,0.26
O0272,P014,463,5340,3862,1478,0.28
O0358,P017,499,180021,147001,33020,0.18
O0156,P009,407,87302,62459,24843,0.28
O0373,P017,88,198515,148253,50262,0.25
O0008,P008,44,5138,3744,1394,0.27
O0122,P002,461,136430,112171,24259,0.18
O0348,P013,278,124619,107034,17585,0.14
O0164,P003,171,90376,68646,21730,0.24
O0090,P016,421,104931,87809,17122,0.16
O0136,P006,189,166726,114880,51846,0.31
O0186,P019,353,161951,123473,38478,0.24
O0316,P007,184,86532,60881,25651,0.3
O0178,P010,3,60778,44019,16759,0.28
O0028,P009,191,42772,35061,7711,0.18
O0220,P002,118,63478,54876,8602,0.14
O0357,P015,19,31762,20214,11548,0.36
O0041,P005,23,149355,118048,31307,0.21
O0228,P004,413,199994,154923,45071,0.23
O0192,P020,30,175492,111529,63963,0.36
O0145,P004,295,60568,40191,20377,0.34
O0201,P018,108,90090,62459,27631,0.31
O0212,P004,367,25219,16394,8825,0.35
O0220,P017,281,62169,41847,20322,0.33
O0240,P012,128,79965,54398,25567,0.32
O0397,P017,229,182912,128166,54746,0.3
O0046,P010,111,180767,149099,31668,0.18
O0035,P001,136,89754,69251,20503,0.23
O0253,P018,362,82988,74346,8642,0.1
O0390,P018,186,194414,140837,53577,0.28
O0082,P014,144,155023,128073,26950,0.17
O0371,P015,72,137379,118343,19036,0.14
O0256,P012,129,85388,68625,16763,0.2
O0197,P004,364,95768,69293,26475,0.28
O0303,P003,261,40428,33396,7032,0.17
O0010,P020,3,97021,64140,32881,0.34
O0312,P012,449,123418,86178,37240,0.3
O0286,P007,388,175047,133736,41311,0.24
O0242,P011,104,137212,106013,31199,0.23
O0251,P001,483,160914,97617,63297,0.39
O0365,P006,224,31421,27761,3660,0.12
O0005,P015,320,6708,5426,1282,0.19
O0119,P015,362,139702,104596,35106,0.25
O0289,P019,354,155667,136977,18690,0.12
O0374,P011,491,81021,59285,21736,0.27
O0065,P002,473,164380,146977,17403,0.11
O0146,P014,10,49789,37525,12264,0.25
O0224,P002,405,191762,121631,70131,0.37
O0239,P004,384,31086,25783,5303,0.17
O0177,P017,302,21859,17567,4292,0.2
O0267,P003,231,12684,10551,2133,0.17
O0341,P013,219,96088,85079,11009,0.11
O0282,P009,411,137279,114346,22933,0.17
O0063,P007,66,51099,40031,11068,0.22
O0217,P015,425,71093,60940,10153,0.14
O0342,P011,112,165761,132936,32825,0.2
O0315,P020,13,53651,38759,14892,0.28
O0283,P002,393,18893,16355,2538,0.13
O0177,P015,420,71418,47605,23813,0.33
O0098,P014,86,130074,105931,24143,0.19
O0105,P020,234,108065,93418,14647,0.14
O0099,P011,90,135351,110905,24446,0.18
O0385,P003,314,196083,158666,37417,0.19
O0311,P017,54,43635,36033,7602,0.17
O0006,P012,12,192187,142125,50062,0.26
O0197,P015,209,100071,86286,13785,0.14
O0351,P016,462,83518,55207,28311,0.34
O0133,P005,14,111233,70990,40243,0.36
O0358,P020,121,108651,74496,34155,0.31
O0259,P006,418,77805,59090,18715,0.24
O0023,P019,437,195026,146887,48139,0.25
O0053,P005,377,164136,138888,25248,0.15
O0165,P003,20,127813,92200,35613,0.28
O0202,P001,75,84063,62652,21411,0.25
O0083,P006,400,7454,4502,2952,0.4
O0145,P015,243,25878,18707,7171,0.28
O0085,P002,223,187170,148675,38495,0.21
O0078,P003,70,198226,119857,78369,0.4
O0366,P017,312,149063,101998,47065,0.32
O0001,P012,211,73344,48582,24762,0.34
O0051,P018,101,109946,67352,42594,0.39
O0173,P015,186,41593,30935,10658,0.26
O0205,P012,132,41304,27034,14270,0.35
O0260,P016,111,166458,136982,29476,0.18
O0369,P008,381,191292,163435,27857,0.15
O0288,P014,132,118613,90581,28032,0.24
O0034,P017,20,157155,140577,16578,0.11
O0348,P008,394,23354,17168,6186,0.26
O0095,P015,24,27190,20501,6689,0.25
O0072,P014,227,11142,9991,1151,0.1
O0039,P018,154,164470,110106,54364,0.33
O0154,P020,293,188043,165997,22046,0.12
O0250,P007,230,46862,28719,18143,0.39
O0162,P003,469,189482,139063,50419,0.27
O0118,P012,310,155575,96612,58963,0.38
O0259,P003,488,130438,106798,23640,0.18
O0379,P020,359,53456,41830,11626,0.22
O0306,P014,405,105167,85394,19773,0.19
O0268,P015,202,87035,61998,25037,0.29
O0054,P014,38,13016,9252,3764,0.29
O0236,P007,430,7384,4530,2854,0.39
O0389,P017,260,198392,139863,58529,0.3
O0222,P012,188,151144,132823,18321,0.12
O0251,P020,57,107239,76543,30696,0.29
O0313,P004,429,116431,98897,17534,0.15
O0112,P009,20,85018,72494,12524,0.15
O0255,P006,273,45510,32401,13109,0.29
O0303,P016,119,185005,146079,38926,0.21
O0207,P002,71,26826,16863,9963,0.37
O0229,P008,4,73026,46086,26940,0.37
O0341,P011,221,126668,77849,48819,0.39
O0398,P013,14,161590,125119,36471,0.23
O0066,P017,3,29045,21139,7906,0.27
O0075,P008,216,186948,142904,44044,0.24
O0103,P018,229,95102,71927,23175,0.24
O0192,P018,336,56919,40131,16788,0.29
O0252,P014,186,104441,83891,20550,0.2
O0226,P015,55,163175,135035,28140,0.17
O0294,P006,388,172260,104111,68149,0.4
O0306,P011,376,141917,93973,47944,0.34
O0098,P013,254,172746,140610,32136,0.19
O0338,P001,24,123325,88298,35027,0.28
O0286,P006,162,24337,19439,4898,0.2
O0335,P009,158,158385,111517,46868,0.3
O0347,P008,82,163015,116918,46097,0.28
O0308,P011,403,82949,53718,29231,0.35
O0249,P019,159,5276,3574,1702,0.32
O0166,P009,188,56151,43888,12263,0.22
O0335,P017,60,153683,112180,41503,0.27
O0030,P012,403,148016,123192,24824,0.17
O0247,P014,305,57887,49538,8349,0.14
O0106,P015,319,86442,65911,20531,0.24
O0051,P016,366,54847,45384,9463,0.17
O0081,P020,211,63653,44052,19601,0.31
O0133,P001,406,61622,44644,16978,0.28
O0285,P010,152,32810,26701,6109,0.19
O0388,P008,109,82842,59303,23539,0.28
O0138,P018,76,127225,98796,28429,0.22
O0184,P001,30,15503,10163,5340,0.34
O0330,P002,314,89761,70007,19754,0.22
O0273,P001,486,173048,148553,24495,0.14
O0340,P001,117,131439,113115,18324,0.14
O0069,P009,415,16590,13559,3031,0.18
O0034,P013,356,146958,121053,25905,0.18
O0262,P001,192,148938,114291,34647,0.23
O0053,P013,19,71624,55537,16087,0.22
O0205,P020,432,168864,108089,60775,0.36
O0126,P007,173,145836,106920,38916,0.27
O0235,P002,228,125356,92165,33191,0.26
O0043,P006,350,47727,42360,5367,0.11
O0240,P007,183,83471,60877,22594,0.27
O0371,P014,113,13068,9994,3074,0.24
O0111,P018,183,121923,92658,29265,0.24
O0249,P015,481,143367,113407,29960,0.21
O0151,P002,146,177232,146122,31110,0.18
O0183,P010,319,16390,10940,5450,0.33
O0336,P012,116,111752,84777,26975,0.24
O0095,P017,113,156203,132425,23778,0.15
O0374,P008,251,99754,73711,26043,0.26
O0400,P011,476,80969,55345,25624,0.32
O0008,P003,251,151110,120345,30765,0.2
O0388,P006,303,188399,159598,28801,0.15
O0360,P009,459,82064,50792,31272,0.38
O0388,P006,313,26281,21893,4388,0.17
O0184,P009,118,59189,50103,9086,0.15
O0281,P007,301,53511,39515,13996,0.26
O0195,P009,161,127115,113766,13349,0.11
O0352,P018,401,13605,11373,2232,0.16
O0195,P012,198,105318,87634,17684,0.17
O0155,P008,260,137453,113309,24144,0.18
O0093,P008,148,24810,16006,8804,0.35
O0160,P018,240,160394,106689,53705,0.33
O0061,P020,47,46869,34645,12224,0.26
O0122,P015,475,37955,25779,12176,0.32
O0051,P007,399,66388,48102,18286,0.28
O0277,P011,198,15207,13177,2030,0.13
O0005,P020,47,164292,139204,25088,0.15
O0092,P016,78,27031,21327,5704,0.21
O0170,P004,124,85807,73574,12233,0.14
O0317,P006,75,76312,63730,12582,0.16
O0022,P003,359,64766,47194,17572,0.27
O0326,P009,137,148521,98071,50450,0.34
O0001,P010,90,94833,71528,23305,0.25
O0133,P014,400,192771,158239,34532,0.18
O0233,P011,325,116041,84817,31224,0.27
O0012,P018,61,121185,96951,24234,0.2
O0346,P012,138,182164,114453,67711,0.37
O0046,P012,50,199743,164668,35075,0.18
O0034,P013,259,15350,12952,2398,0.16
O0078,P013,461,105859,85962,19897,0.19
O0218,P019,107,73487,65416,8071,0.11
O0301,P019,113,153694,130331,23363,0.15
O0073,P014,350,128853,112221,16632,0.13
O0282,P004,254,58117,51147,6970,0.12
O0249,P013,118,194466,163430,31036,0.16
O0047,P008,493,106084,85108,20976,0.2
O0121,P019,198,28782,17318,11464,0.4
O0214,P012,337,33454,24747,8707,0.26
O0239,P018,365,72904,56234,16670,0.23
O0056,P006,51,134936,93268,41668,0.31
O0350,P018,245,151664,105471,46193,0.3
O0107,P019,403,158245,140576,17669,0.11
O0319,P005,426,169276,146849,22427,0.13
O0048,P009,35,171668,146733,24935,0.15
O0061,P003,302,170396,122992,47404,0.28
O0337,P010,410,127258,76877,50381,0.4
O0026,P019,499,116668,72808,43860,0.38
O0292,P003,69,197274,136840,60434,0.31
O0257,P015,349,129184,78120,51064,0.4
O0008,P001,320,166822,100951,65871,0.39
O0113,P007,421,21566,18869,2697,0.13
O0355,P012,468,143262,116306,26956,0.19
O0253,P017,49,43333,30016,13317,0.31
O0180,P020,405,126929,81208,45721,0.36
O0207,P005,74,94571,71258,23313,0.25
O0303,P004,192,125263,75358,49905,0.4
O0127,P012,261,137661,121351,16310,0.12
O0056,P020,356,30235,21903,8332,0.28
O0214,P018,70,5159,3718,1441,0.28
O0014,P017,90,148217,106297,41920,0.28
O0028,P019,260,167993,104289,63704,0.38
O0078,P009,126,109859,86953,22906,0.21
O0216,P004,231,152309,124878,27431,0.18
O0386,P002,295,112507,90324,22183,0.2
O0365,P004,498,144316,92583,51733,0.36
O0154,P002,419,19743,15274,4469,0.23
O0014,P015,129,51101,39390,11711,0.23
O0187,P002,280,126534,108885,17649,0.14
O0312,P004,313,89227,63684,25543,0.29
O0371,P006,100,192450,136917,55533,0.29
O0007,P007,326,76126,59801,16325,0.21
O0003,P010,297,61071,48241,12830,0.21
O0111,P019,182,79763,59087,20676,0.26
O0238,P019,174,148309,108698,39611,0.27
O0363,P012,316,151721,113524,38197,0.25
O0239,P003,364,173785,149162,24623,0.14
O0274,P013,188,181481,133996,47485,0.26
O0294,P018,57,184838,163023,21815,0.12
O0227,P008,31,51154,38426,12728,0.25
O0371,P015,84,12016,10631,1385,0.12
O0015,P001,152,184760,157018,27742,0.15
O0192,P003,473,94678,67101,27577,0.29
O0119,P008,36,117056,100561,16495,0.14
O0028,P004,213,59238,37498,21740,0.37
O0202,P016,414,63608,55816,7792,0.12
O0039,P010,408,94081,74276,19805,0.21
O0273,P012,364,167969,103522,64447,0.38
O0231,P014,106,55961,44392,11569,0.21
O0086,P014,414,180829,161349,19480,0.11
O0126,P002,342,31917,19818,12099,0.38
O0300,P005,220,158808,121711,37097,0.23
O0025,P005,391,32990,27194,5796,0.18
O0145,P006,163,67551,56950,10601,0.16
O0013,P013,439,194233,140653,53580,0.28
O0212,P009,220,158512,104816,53696,0.34
O0025,P015,270,171277,104941,66336,0.39
O0068,P014,120,85811,66410,19401,0.23
O0394,P007,394,60103,44228,15875,0.26
O0067,P020,336,177699,157196,20503,0.12
O0233,P002,400,111122,68693,42429,0.38
O0109,P007,182,24008,19341,4667,0.19
O0146,P006,479,37402,22721,14681,0.39
O0111,P017,106,189456,123417,66039,0.35
O0228,P002,217,141865,104423,37442,0.26
O0111,P003,205,141643,104314,37329,0.26
O0034,P005,70,152281,122694,29587,0.19
O0111,P005,44,118550,103501,15049,0.13
O0264,P001,329,179220,141890,37330,0.21
O0369,P008,301,96218,85254,10964,0.11
O0236,P012,228,138296,119554,18742,0.14
O0083,P004,184,184767,143259,41508,0.22
O0042,P013,107,125779,106929,18850,0.15
O0101,P015,84,134714,106797,27917,0.21
O0006,P011,338,37441,23346,14095,0.38
O0180,P010,250,175201,144044,31157,0.18
O0282,P003,363,67368,42338,25030,0.37
O0320,P014,441,97122,75582,21540,0.22
O0226,P016,21,49760,40345,9415,0.19
O0315,P010,196,28478,17655,10823,0.38
O0365,P010,178,132881,88929,43952,0.33
O0229,P012,417,76854,67224,9630,0.13
O0377,P009,475,99230,77885,21345,0.22
O0289,P001,7,90716,61132,29584,0.33
O0150,P005,70,148252,119669,28583,0.19
O0277,P020,127,103538,80659,22879,0.22
O0198,P008,399,20372,15288,5084,0.25
O0070,P011,466,34796,31067,3729,0.11
O0112,P012,160,194344,156453,37891,0.19
O0004,P001,248,103826,73989,29837,0.29
O0350,P020,203,125592,105500,20092,0.16
O0331,P011,148,98635,85356,13279,0.13
O0318,P005,472,116022,73971,42051,0.36
O0350,P015,143,59040,38976,20064,0.34
O0095,P005,432,80357,53426,26931,0.34
O0152,P012,199,83356,67298,16058,0.19
O0311,P005,405,21211,16563,4648,0.22
O0137,P017,426,110426,86761,23665,0.21
O0247,P017,154,10842,9565,1277,0.12
O0387,P012,492,199187,165877,33310,0.17
O0243,P015,376,71852,45868,25984,0.36
O0031,P015,384,130737,92071,38666,0.3
O0040,P006,142,50968,37238,13730,0.27
O0229,P012,313,22508,16178,6330,0.28
O0036,P020,165,158077,126586,31491,0.2
O0223,P018,314,59575,51685,7890,0.13
O0006,P014,21,155043,107261,47782,0.31
O0322,P002,82,161671,123769,37902,0.23
O0220,P009,69,71914,60179,11735,0.16
O0075,P005,131,72055,52230,19825,0.28
O0004,P020,87,92697,60293,32404,0.35
O0335,P001,218,111239,82593,28646,0.26
O0134,P003,421,128106,78985,49121,0.38
O0118,P006,472,10355,9140,1215,0.12
O0369,P005,305,59120,36799,22321,0.38
O0094,P005,403,43342,31706,11636,0.27
O0062,P001,371,7257,5507,1750,0.24
O0194,P017,345,32364,28984,3380,0.1
O0335,P019,341,161044,104647,56397,0.35
O0203,P014,384,116715,74035,42680,0.37
O0392,P012,396,31654,19075,12579,0.4
O0026,P010,445,86423,55887,30536,0.35
O0173,P020,425,34320,22726,11594,0.34
O0300,P018,161,25808,20367,5441,0.21
O0133,P011,178,57389,38216,19173,0.33
O0326,P002,117,123581,74909,48672,0.39
O0118,P018,196,132927,112720,20207,0.15
O0324,P007,383,39773,28226,11547,0.29
O0275,P015,490,187240,132211,55029,0.29
O0212,P011,327,163819,113156,50663,0.31
O0225,P018,86,81396,72655,8741,0.11
O0020,P012,289,112692,73366,39326,0.35
O0113,P006,81,62505,54346,8159,0.13
O0140,P020,152,90896,75720,15176,0.17
O0047,P013,61,23135,14411,8724,0.38
O0001,P020,61,95887,85916,9971,0.1
O0090,P016,354,127118,86619,40499,0.32
O0142,P018,28,52377,32975,19402,0.37
O0320,P010,442,159626,135489,24137,0.15
O0038,P008,43,67491,54802,12689,0.19
O0293,P018,169,191693,150510,41183,0.21
O0382,P001,423,63283,40931,22352,0.35
O0139,P008,86,21923,16300,5623,0.26
O0356,P006,177,52591,43869,8722,0.17
O0333,P005,17,67261,46483,20778,0.31
O0259,P015,98,59336,41149,18187,0.31
O0161,P015,454,79083,47524,31559,0.4
O0390,P002,494,65948,43016,22932,0.35
O0178,P001,198,169074,145846,23228,0.14
O0010,P011,98,31672,23200,8472,0.27
O0261,P010,65,9213,8248,965,0.1
O0138,P018,330,146365,105194,41171,0.28
O0172,P018,341,191932,156339,35593,0.19
O0386,P017,5,67507,46213,21294,0.32
O0013,P008,2,62134,44061,18073,0.29
O0168,P015,22,138172,90809,47363,0.34
O0130,P008,112,198069,139464,58605,0.3
O0084,P017,57,33172,25349,7823,0.24
O0321,P012,66,25132,22556,2576,0.1
O0319,P008,330,23199,18542,4657,0.2
O0101,P014,98,41609,27452,14157,0.34
O0329,P004,144,179037,109837,69200,0.39
O0273,P001,368,144088,91914,52174,0.36
O0265,P001,435,175851,135188,40663,0.23
O0399,P019,125,36881,30594,6287,0.17
O0038,P016,167,29472,25998,3474,0.12
O0094,P014,86,187885,113622,74263,0.4
O0095,P016,76,172093,130244,41849,0.24
O0305,P005,344,59131,43831,15300,0.26
O0069,P009,495,160159,127617,32542,0.2
O0318,P002,424,17828,13689,4139,0.23
O0236,P018,294,197682,159353,38329,0.19
O0334,P006,444,101664,81069,20595,0.2
O0373,P009,59,137473,87309,50164,0.36
O0376,P001,138,20193,16960,3233,0.16
O0137,P009,99,180936,115250,65686,0.36
O0076,P016,192,156379,126598,29781,0.19
O0035,P013,243,107518,77933,29585,0.28
O0001,P009,319,24611,18560,6051,0.25
O0296,P013,49,179863,156658,23205,0.13
O0320,P009,448,148022,128329,19693,0.13
O0060,P011,32,81240,68676,12564,0.15
O0320,P004,391,7745,5832,1913,0.25
O0349,P002,277,60243,49451,10792,0.18
O0328,P006,20,8866,6683,2183,0.25
O0267,P014,154,168317,144901,23416,0.14
O0361,P004,383,180796,130323,50473,0.28
O0229,P006,68,133681,119119,14562,0.11
O0270,P019,366,76354,67168,9186,0.12
O0316,P006,372,56374,46366,10008,0.18
O0286,P002,214,119397,81646,37751,0.32
O0291,P018,143,129577,82863,46714,0.36
O0213,P013,376,166188,142325,23863,0.14
O0165,P009,232,86029,55883,30146,0.35
O0005,P019,213,98574,84406,14168,0.14
O0339,P013,79,156519,116955,39564,0.25
O0379,P011,214,35431,25580,9851,0.28
O0078,P001,116,153980,134109,19871,0.13
O0062,P007,92,34336,26821,7515,0.22
O0132,P015,270,45992,35551,10441,0.23
O0089,P001,411,60350,46326,14024,0.23
O0237,P012,381,74561,53039,21522,0.29
O0042,P007,489,56955,47596,9359,0.16
O0089,P015,168,66240,44767,21473,0.32
O0296,P019,58,156165,137685,18480,0.12
O0328,P001,284,142227,123480,18747,0.13
O0295,P017,26,51607,36189,15418,0.3
O0104,P017,369,169559,138841,30718,0.18
O0014,P003,447,191740,148016,43724,0.23
O0288,P012,66,157035,110127,46908,0.3
O0179,P006,409,186196,166935,19261,0.1
O0125,P011,248,57870,35160,22710,0.39
O0353,P003,254,192619,130170,62449,0.32
O0023,P008,387,69110,52248,16862,0.24
O0063,P014,456,189626,143468,46158,0.24
O0143,P014,44,157008,121944,35064,0.22
O0153,P010,97,121895,100624,21271,0.17
O0145,P002,42,9426,7418,2008,0.21
O0225,P014,227,32606,25435,7171,0.22
O0309,P009,262,183904,113294,70610,0.38
O0104,P003,167,33151,23635,9516,0.29
O0104,P008,436,16308,10920,5388,0.33
O0039,P016,279,198594,134966,63628,0.32
O0198,P002,89,181743,139269,42474,0.23
O0134,P006,379,95306,62887,32419,0.34
O0067,P012,178,111984,77065,34919,0.31
O0391,P005,427,7204,4834,2370,0.33
O0179,P002,403,97769,86481,11288,0.12
O0042,P016,197,92265,81506,10759,0.12
O0015,P005,307,36131,28289,7842,0.22
O0111,P015,267,57428,50384,7044,0.12
O0157,P012,268,38870,32485,6385,0.16
O0289,P004,74,108547,84339,24208,0.22
O0231,P015,8,54067,32544,21523,0.4
O0157,P011,408,194657,161906,32751,0.17
O0038,P016,476,117217,95033,22184,0.19
O0097,P006,297,157679,123711,33968,0.22
O0289,P014,164,161040,133361,27679,0.17
O0254,P018,485,103934,78353,25581,0.25
O0196,P012,85,147980,120045,27935,0.19
O0086,P011,72,162495,143085,19410,0.12
O0322,P013,55,79707,56810,22897,0.29
O0010,P011,393,66215,53795,12420,0.19
O0005,P016,47,191907,142530,49377,0.26
O0123,P015,399,54429,43669,10760,0.2
O0330,P015,432,87152,72237,14915,0.17
O0353,P004,238,113048,69370,43678,0.39
O0118,P011,104,174530,138573,35957,0.21
O0294,P019,210,182241,121741,60500,0.33
O0397,P015,42,143731,115129,28602,0.2
O0159,P004,316,196686,145645,51041,0.26
O0303,P013,468,82240,68429,13811,0.17
O0228,P019,454,168865,107570,61295,0.36
O0365,P002,268,118688,93513,25175,0.21
O0216,P014,386,51473,35183,16290,0.32
O0184,P004,263,101762,87097,14665,0.14
O0015,P016,336,111956,98355,13601,0.12
O0157,P020,387,123452,110973,12479,0.1
O0136,P014,365,191823,160901,30922,0.16
O0261,P015,259,131311,108478,22833,0.17
O0157,P003,283,190326,126500,63826,0.34
O0047,P008,114,12006,8413,3593,0.3
O0324,P016,363,79218,58597,20621,0.26
O0332,P010,40,169912,141369,28543,0.17
O0173,P004,486,37430,32732,4698,0.13
O0130,P018,417,28091,18448,9643,0.34
O0095,P002,220,169055,148212,20843,0.12
O0115,P017,129,28989,23443,5546,0.19
O0243,P013,8,80451,63011,17440,0.22
O0292,P004,101,23990,15832,8158,0.34
O0282,P011,416,95270,58748,36522,0.38
O0299,P007,380,85360,65773,19587,0.23
O0283,P012,176,41081,32678,8403,0.2
O0069,P010,107,147105,97565,49540,0.34
O0148,P007,101,113272,86872,26400,0.23
O0011,P013,260,21241,18202,3039,0.14
O0254,P007,478,129932,110509,19423,0.15
O0330,P017,454,10939,9606,1333,0.12
O0360,P010,366,118000,83752,34248,0.29
O0038,P010,246,183634,127701,55933,0.3
O0134,P004,275,40063,33045,7018,0.18
O0200,P020,32,163117,118966,44151,0.27
O0023,P004,137,180841,113254,67587,0.37
O0303,P007,12,52118,35692,16426,0.32
O0346,P001,395,89703,65086,24617,0.27
O0302,P012,302,157697,108456,49241,0.31
O0363,P013,375,133557,93444,40113,0.3
O0396,P010,16,32076,22072,10004,0.31
O0218,P015,129,49605,30380,19225,0.39
O0141,P013,63,89565,70857,18708,0.21
O0104,P009,109,44121,34378,9743,0.22
O0210,P009,375,36433,29001,7432,0.2
O0111,P015,21,48309,31772,16537,0.34
O0104,P010,158,72468,49908,22560,0.31
O0316,P010,269,180326,141715,38611,0.21
O0171,P008,162,72293,56380,15913,0.22
O0356,P016,260,101258,76135,25123,0.25
O0324,P017,412,173925,122638,51287,0.29
O0133,P005,102,43405,37930,5475,0.13
O0376,P004,223,48527,34062,14465,0.3
O0293,P018,59,82227,60575,21652,0.26
O0328,P019,247,136564,109720,26844,0.2
O0127,P004,128,144883,110532,34351,0.24
O0106,P007,283,98344,69240,29104,0.3
O0092,P010,325,160344,117162,43182,0.27
O0287,P018,25,52153,43722,8431,0.16
O0378,P019,131,113042,77257,35785,0.32
O0393,P004,353,59110,37988,21122,0.36
O0051,P010,196,150051,104127,45924,0.31
O0029,P001,281,33328,28490,4838,0.15
O0296,P018,404,117911,73894,44017,0.37
O0297,P005,418,17867,16035,1832,0.1
O0214,P015,154,64234,48965,15269,0.24
O0267,P017,382,30851,27625,3226,0.1
O0257,P003,133,36279,31987,4292,0.12
O0302,P012,227,78402,57691,20711,0.26
O0101,P002,189,20449,13487,6962,0.34
O0346,P001,476,81221,52750,28471,0.35
O0110,P017,477,94080,63221,30859,0.33
O0182,P016,265,10451,8497,1954,0.19
O0313,P005,372,92178,62854,29324,0.32
O0001,P015,486,177388,124602,52786,0.3
O0319,P003,434,199136,146292,52844,0.27
O0055,P007,134,68761,60095,8666,0.13
O0371,P011,211,43870,28814,15056,0.34
O0399,P010,60,101566,61092,40474,0.4
O0149,P009,428,128749,79570,49179,0.38
O0309,P014,377,128765,112209,16556,0.13
O0137,P013,395,129881,103158,26723,0.21
O0202,P002,450,166945,113841,53104,0.32
O0313,P003,431,133389,87124,46265,0.35
O0117,P007,364,194699,134007,60692,0.31
O0154,P018,364,30372,19269,11103,0.37
O0291,P003,457,8642,7626,1016,0.12
O0063,P010,213,164073,137043,27030,0.16
O0244,P007,216,39064,28857,10207,0.26
O0025,P009,226,19122,16435,2687,0.14
O0090,P017,470,160892,108575,52317,0.33
O0075,P011,131,73431,59856,13575,0.18
O0294,P007,76,60745,52048,8697,0.14
O0386,P014,476,55081,38943,16138,0.29
O0391,P019,286,144783,119770,25013,0.17
O0210,P004,474,154865,106627,48238,0.31
O0347,P006,496,144271,99497,44774,0.31
O0017,P010,277,81253,51361,29892,0.37
O0128,P007,156,41191,30152,11039,0.27
O0364,P013,248,15211,12456,2755,0.18
O0251,P014,218,116086,102395,13691,0.12
O0179,P004,190,199141,155556,43585,0.22
O0182,P008,417,192818,165619,27199,0.14
O0152,P005,469,157614,133459,24155,0.15
O0025,P001,163,167384,109134,58250,0.35
O0180,P004,180,181314,135214,46100,0.25
O0198,P003,34,106971,67934,39037,0.36
O0344,P009,41,98783,79485,19298,0.2
O0161,P008,307,130681,115648,15033,0.12
O0177,P001,431,92893,59556,33337,0.36
O0285,P006,338,191460,157028,34432,0.18
O0063,P009,314,163763,129318,34445,0.21
O0150,P007,75,82960,64300,18660,0.22
O0154,P004,441,89388,64094,25294,0.28
O0156,P013,279,27601,19501,8100,0.29
O0370,P017,176,154092,94546,59546,0.39
O0049,P002,384,144227,95964,48263,0.33
O0337,P005,150,172849,104496,68353,0.4
O0084,P012,273,24710,19136,5574,0.23
O0361,P008,325,113714,71839,41875,0.37
O0177,P006,108,160604,138425,22179,0.14
O0148,P008,139,133727,101223,32504,0.24
O0118,P018,350,154673,125270,29403,0.19
O0342,P003,271,68227,49345,18882,0.28
O0063,P012,347,141039,108342,32697,0.23
O0189,P003,419,89289,78824,10465,0.12
O0360,P006,289,156094,97530,58564,0.38
O0049,P002,212,179535,121398,58137,0.32
O0327,P012,381,10722,8942,1780,0.17
O0257,P002,272,163485,102933,60552,0.37
O0224,P006,418,86050,53583,32467,0.38
O0141,P017,66,88596,62766,25830,0.29
O0215,P003,483,71732,45022,26710,0.37
O0379,P002,424,148369,115063,33306,0.22
O0211,P020,248,73323,48971,24352,0.33
O0318,P008,156,28816,25032,3784,0.13
O0032,P012,47,45695,38157,7538,0.16
O0158,P004,423,155774,126163,29611,0.19
O0285,P005,454,161314,126644,34670,0.21
O0305,P013,201,60841,52264,8577,0.14
O0286,P015,148,133498,89032,44466,0.33
O0144,P016,124,112096,96619,15477,0.14
O0019,P010,1,97764,81813,15951,0.16
O0018,P016,456,189646,156353,33293,0.18
O0257,P012,247,90744,69725,21019,0.23
O0078,P017,343,33482,22562,10920,0.33
O0371,P016,128,14171,10303,3868,0.27
O0175,P012,191,105755,88630,17125,0.16
O0194,P008,67,113125,68953,44172,0.39
O0113,P020,4,135722,113275,22447,0.17
O0114,P003,442,111082,74649,36433,0.33
O0222,P016,409,8696,5594,3102,0.36
O0166,P013,303,131310,83343,47967,0.37
O0319,P019,294,156130,94954,61176,0.39
O0132,P008,143,156385,118395,37990,0.24
O0385,P005,191,24149,16070,8079,0.33
O0264,P020,21,135064,121129,13935,0.1
O0055,P008,227,58521,45197,13324,0.23
O0359,P012,313,50740,32542,18198,0.36
O0131,P001,117,111611,90028,21583,0.19
O0288,P020,437,141028,122598,18430,0.13
O0266,P006,302,71641,59000,12641,0.18
O0366,P018,142,68811,42864,25947,0.38
O0162,P008,484,188232,163529,24703,0.13
O0380,P007,460,187385,157062,30323,0.16
O0087,P001,401,68232,44179,24053,0.35
O0055,P016,39,20417,12567,7850,0.38
O0288,P012,393,160801,123365,37436,0.23
O0178,P006,355,117492,75995,41497,0.35
O0391,P020,252,35099,29847,5252,0.15
O0349,P002,333,166033,117468,48565,0.29
O0008,P014,207,148674,129921,18753,0.13
O0321,P004,210,123474,95038,28436,0.23
O0313,P001,115,14256,9334,4922,0.35
O0247,P018,225,39681,25470,14211,0.36
O0323,P013,134,96328,74455,21873,0.23
O0255,P002,251,48361,40070,8291,0.17
O0328,P009,219,39540,32994,6546,0.17
O0054,P002,407,162608,111016,51592,0.32
O0249,P009,443,89700,59316,30384,0.34
O0239,P001,91,199115,120469,78646,0.39
O0229,P011,354,83532,67139,16393,0.2
O0067,P003,376,192647,120013,72634,0.38
O0051,P020,46,132626,96316,36310,0.27
O0097,P004,38,138943,108445,30498,0.22
O0092,P018,142,51002,44939,6063,0.12
O0264,P006,100,54812,38014,16798,0.31
O0291,P003,328,158698,107110,51588,0.33
O0096,P011,190,196051,156105,39946,0.2
O0088,P015,35,113946,89535,24411,0.21
O0078,P005,147,71668,50141,21527,0.3
O0288,P020,30,104003,91359,12644,0.12
O0120,P010,334,47998,40964,7034,0.15
O0302,P012,84,199886,133362,66524,0.33
O0400,P015,369,109601,73623,35978,0.33
O0165,P017,281,181679,136929,44750,0.25
O0182,P010,424,12812,10660,2152,0.17
O0398,P006,344,66844,40989,25855,0.39
O0223,P018,270,138251,111706,26545,0.19
O0311,P013,154,179870,142901,36969,0.21
O0007,P003,102,79601,53288,26313,0.33
O0330,P010,215,144347,116113,28234,0.2
O0263,P014,150,186646,164632,22014,0.12
O0161,P006,432,52857,32456,20401,0.39
O0151,P003,83,130555,90852,39703,0.3
O0085,P016,110,25700,18798,6902,0.27
O0147,P007,435,175536,152677,22859,0.13
O0112,P020,387,178423,158560,19863,0.11
O0381,P014,426,98330,72098,26232,0.27
O0036,P009,275,149941,123702,26239,0.17
O0285,P015,201,196387,149155,47232,0.24
O0188,P003,284,157026,119549,37477,0.24
O0082,P002,468,167627,114561,53066,0.32
O0002,P002,173,68353,45460,22893,0.33
O0385,P003,327,181098,124305,56793,0.31
O0303,P018,206,105772,81116,24656,0.23
O0197,P014,63,183048,111429,71619,0.39
O0011,P020,73,96502,84166,12336,0.13
O0234,P018,251,118943,76942,42001,0.35
O0386,P010,124,114850,76493,38357,0.33
O0195,P002,375,50095,37845,12250,0.24
O0119,P001,121,150342,122233,28109,0.19
O0396,P004,275,166980,104983,61997,0.37
O0020,P014,431,20523,14269,6254,0.3
O0261,P001,398,67433,60055,7378,0.11
O0293,P014,120,183140,124297,58843,0.32
O0256,P016,422,24991,17341,7650,0.31
O0222,P014,437,15775,13423,2352,0.15
O0393,P020,317,89995,55352,34643,0.38
O0226,P003,164,197322,145896,51426,0.26
O0053,P003,424,152745,109042,43703,0.29
O0355,P009,465,127808,88823,38985,0.31
O0342,P006,286,163128,111858,51270,0.31
O0364,P013,265,142686,89522,53164,0.37
O0280,P002,320,12415,8621,3794,0.31
O0081,P008,161,179956,110297,69659,0.39
O0202,P002,376,153036,127676,25360,0.17
O0158,P004,308,173798,125042,48756,0.28
O0120,P015,89,42044,30825,11219,0.27
O0059,P004,142,193221,167730,25491,0.13
O0215,P013,203,173616,138444,35172,0.2
O0128,P012,309,54976,33118,21858,0.4
O0224,P013,227,168324,148622,19702,0.12
O0209,P014,489,8832,5927,2905,0.33
O0370,P020,443,39148,24752,14396,0.37
O0115,P018,334,197312,163855,33457,0.17
O0209,P006,222,117230,87939,29291,0.25
O0014,P011,41,90076,65767,24309,0.27
O0009,P002,196,189531,127905,61626,0.33
O0040,P019,68,43402,33169,10233,0.24
O0237,P019,476,193799,132232,61567,0.32
O0281,P005,264,43578,37933,5645,0.13
O0359,P019,2,95453,63434,32019,0.34
O0201,P002,361,158390,137055,21335,0.13
O0246,P010,125,80715,61974,18741,0.23
O0278,P002,110,116435,98800,17635,0.15
O0235,P011,86,156538,127399,29139,0.19
O0004,P018,425,100742,81501,19241,0.19
O0154,P015,120,50475,35196,15279,0.3
O0029,P009,127,65142,43656,21486,0.33
O0109,P019,255,162636,107870,54766,0.34
